{
  "player_data": {
    "max_hp": 9.680000,
    "hp": 6.371000,
    "orbs": 15464,
    "position": {
      "x": 147.426743,
      "y": 230.999985
    },
    "arsenal": [

    ],
    "equipped_gun": 0
  },
  "save_point_id": 0
}
