{
  "physics": {
    "grav": 0.257730,
    "ground_fric": 0.912000,
    "air_fric": 0.905000,
    "x_acc": 0.943000,
    "air_multiplier": 0.928000,
    "jump_velocity": 5.500000,
    "jump_release_multiplier": 0.406060,
    "hurt_acc": 0.150000,
    "maximum_velocity": {
      "x": 6.521000,
      "y": 9.211000
    },
    "mass": 1.000000,
    "dash_multiplier": 1.000000,
    "dash_speed": 10.000000
  }
}
