{
  "physics": {
    "grav": 0.758760,
    "ground_fric": 0.938000,
    "air_fric": 0.929000,
    "x_acc": 2.675000,
    "air_multiplier": 0.851000,
    "sprint_multiplier": 1.557000,
    "jump_velocity": 11.407220,
    "jump_release_multiplier": 0.517890,
    "hurt_acc": 2.150000,
    "maximum_velocity": {
      "x": 9.490000,
      "y": 14.990000
    },
    "mass": 1.000000,
    "vertical_dash_multiplier": 1.237000,
    "dash_speed": 8.474000,
    "dash_dampen": 1.732000,
    "wallslide_speed": 2.076000
  }
}
