{
	"physics": {
		"grav": 1.053610,
		"ground_fric": 0.938000,
		"air_fric": 0.929000,
		"x_acc": 4.2000,
		"air_multiplier": 0.851000,
		"sprint_multiplier": 1.557000,
		"jump_velocity": 13.760310,
		"jump_release_multiplier": 0.517890,
		"hurt_acc": 2.150000,
		"maximum_velocity": {
			"x": 32.490000,
			"y": 21.680000
		},
		"mass": 1.000000,
		"vertical_dash_multiplier": 1.837000,
		"dash_speed": 1.00,
		"dash_dampen": 2.00,
		"wallslide_speed": 2.076000,
		"roll_speed": 10.0,
		"slide_speed": 6.5
	}
}
