{
  "physics": {
    "grav": 0.314430,
    "ground_fric": 0.912000,
    "air_fric": 0.907000,
    "x_acc": 0.943000,
    "air_multiplier": 0.799000,
    "jump_velocity": 6.056700,
    "jump_release_multiplier": 0.406060,
    "hurt_acc": 0.150000,
    "maximum_velocity": {
      "x": 6.521000,
      "y": 11.644000
    },
    "mass": 1.000000,
    "dash_multiplier": 1.000000,
    "dash_speed": 10.000000
  }
}
